[{
  "_id": {
    "$oid": "64c80614a41b4e2cb8a1cc93"
  },
  "name": "SakthiSaranya K",
  "batchId": "MERN 2303",
  "gender": "Female",
  "maritalStatus": "Single",
  "email": "saranya@gmail.com",
  "mobileNo": "+91-786745678",
  "__v": 0
},
{
  "_id": {
    "$oid": "64c8087dc309ff062c06f97b"
  },
  "name": "SakthiSaranya K",
  "batchId": "MERN 2303",
  "gender": "Female",
  "maritalStatus": "Single",
  "email": "saranya@gmail.com",
  "mobileNo": "+91-786745678",
  "__v": 0
},
{
  "_id": {
    "$oid": "64c808e82e10d93420b982f5"
  },
  "name": "SakthiSaranya K",
  "batchId": "MERN 2303",
  "gender": "Female",
  "maritalStatus": "Single",
  "email": "saranya@gmail.com",
  "mobileNo": "+91-786745678",
  "__v": 0
},
{
  "_id": {
    "$oid": "64c808e82e10d93420b982f7"
  },
  "name": "SakthiSaranyaKamaraj",
  "batchId": "MERN 2303",
  "gender": "Female",
  "maritalStatus": "Single",
  "email": "saranya223@gmail.com",
  "mobileNo": "+91-786545668",
  "__v": 0
},
{
  "_id": {
    "$oid": "64c809578ec60e3118525985"
  },
  "name": "SakthiSaranya K",
  "batchId": "MERN 2303",
  "gender": "Female",
  "maritalStatus": "Single",
  "email": "saranya@gmail.com",
  "mobileNo": "+91-786745678",
  "__v": 0
},
{
  "_id": {
    "$oid": "64c809578ec60e3118525987"
  },
  "name": "SakthiSaranyaKamaraj",
  "batchId": "MERN 2303",
  "gender": "Female",
  "maritalStatus": "Single",
  "email": "saranya223@gmail.com",
  "mobileNo": "+91-786545668",
  "__v": 0
},
{
  "_id": {
    "$oid": "64c80a0c49fd630f3ce163e6"
  },
  "name": "SakthiSaranya K",
  "batchId": "MERN 2303",
  "gender": "Female",
  "maritalStatus": "Single",
  "email": "saranya@gmail.com",
  "mobileNo": "+91-786745678",
  "__v": 0
},
{
  "_id": {
    "$oid": "64c80a0c49fd630f3ce163e7"
  },
  "name": "SakthiSaranyaKamaraj",
  "batchId": "MERN 2303",
  "gender": "Female",
  "maritalStatus": "Single",
  "email": "saranya223@gmail.com",
  "mobileNo": "+91-786545668",
  "__v": 0
}]